<?xml version="1.0" encoding="UTF-8"?>
<blueprint xmlns="http://www.osgi.org/xmlns/blueprint/v1.0.0"
	xmlns:cm="http://aries.apache.org/blueprint/xmlns/blueprint-cm/v1.1.0"
	xmlns:cxf="http://camel.apache.org/schema/blueprint/cxf"
	xmlns:xsi="http://www.w3.org/2001/XMLSchema-instance"
	xsi:schemaLocation="http://www.osgi.org/xmlns/blueprint/v1.0.0 https://www.osgi.org/xmlns/blueprint/v1.0.0/blueprint.xsd    
	           http://camel.apache.org/schema/blueprint http://camel.apache.org/schema/blueprint/camel-blueprint.xsd         
	           http://cxf.apache.org/schemas/blueprint/core http://cxf.apache.org/schemas/blueprint/core.xsd">

	<cm:property-placeholder
		id="prop.gestionbonosvirtuales" persistent-id="gestionbonosvirtuales"
		update-strategy="reload" />

	<reference id="aupgmsv5r_ds"
		filter="(osgi.jndi.service.name=jdbc/AUPGMSV5R)"
		interface="javax.sql.DataSource" availability="optional" />

	<bean id="as400dao"
		class="co.com.rbm.bonos.gestionbonos.dao.AS400DAO">
		<argument ref="aupgmsv5r_ds" />
	</bean>
	<bean id="helper"	class="co.com.rbm.bonos.gestionbonos.util.GestionBonosHelper"/>
	<cxf:rsServer
		address="/servicios/bonos/gestionBonos" id="restApiEnpoint"
		serviceClass="co.com.rbm.bonos.gestionbonos.servicio.GestionBonosServicio">
		<cxf:extensionMappings>
			<entry key="json" value="application/json" />
		</cxf:extensionMappings>
		<cxf:providers>
			<bean
				class="com.fasterxml.jackson.jaxrs.json.JacksonJsonProvider" />
		</cxf:providers>
		<cxf:properties>
			<entry key="receiveTimeout" value="1000000000" />
			<entry key="connectionTimeout" value="1000000000" />
		</cxf:properties>
                <cxf:outInterceptors>
                    <ref component-id="ErrorExcepcionInterceptor" />
                </cxf:outInterceptors>
	</cxf:rsServer>
        
        <bean class="co.com.rbm.bonos.gestionbonos.exception.ErrorExcepcionInterceptor" id="ErrorExcepcionInterceptor"/>

	<bean class="co.com.rbm.bonos.gestionbonos.route.GestionBonosRouteBuilder" id="route" />

	<camelContext id="CTX-SERVICIO-GESTION-BONOS" xmlns="http://camel.apache.org/schema/blueprint" trace="false" messageHistory="false">
		<propertyPlaceholder id="conf" location="blueprint:prop.gestionbonosvirtuales" />
                <jmxAgent id="agent" disabled="true"/>
		<routeBuilder ref="route" />
	</camelContext>

</blueprint>
