<?xml version="1.0" encoding="UTF-8"?>
<blueprint xmlns="http://www.osgi.org/xmlns/blueprint/v1.0.0"
    xmlns:cm="http://aries.apache.org/blueprint/xmlns/blueprint-cm/v1.1.0"
    xmlns:enc="http://karaf.apache.org/xmlns/jasypt/v1.0.0"
    xmlns:xsi="http://www.w3.org/2001/XMLSchema-instance" xsi:schemaLocation="http://www.osgi.org/xmlns/blueprint/v1.0.0 https://www.osgi.org/xmlns/blueprint/v1.0.0/blueprint.xsd          http://aries.apache.org/blueprint/xmlns/blueprint-cm/v1.1.0 http://aries.apache.org/schemas/blueprint-cm/blueprint-cm-1.1.0.xsd           http://camel.apache.org/schema/blueprint http://camel.apache.org/schema/blueprint/camel-blueprint.xsd">
    <cm:property-placeholder id="placeholder" persistent-id="ds.aupgmsv5r"/>
    <enc:property-placeholder>
		<enc:encryptor class="org.jasypt.encryption.pbe.StandardPBEStringEncryptor">
		<property name="config">
			<bean class="org.jasypt.encryption.pbe.config.EnvironmentStringPBEConfig">
			<property name="algorithm" value="PBEWithMD5AndDES" />
			<property name="passwordEnvName" value="RBM_ENV_NAME" />
			</bean>
		</property>
		</enc:encryptor>
	</enc:property-placeholder>
    
    
    <!-- **************************** Conexión a la base de datos AS400 AUPGMSV5R ***************************************** -->
    <!-- NON XA -->
    <bean class="org.apache.commons.dbcp.BasicDataSource"
        destroy-method="close" id="AUPGMSV5R-DS">
        <property name="driverClassName" value="${datasource.AUPGMSV5R.driverClass}"/>
        <property name="url" value="${datasource.AUPGMSV5R.databaseURL}"/>
        <property name="username" value="${datasource.AUPGMSV5R.user}"/>
        <property name="password" value="${datasource.AUPGMSV5R.password}"/>
        <property name="initialSize" value="${datasource.AUPGMSV5R.poolMinSize}"/>
        <property name="maxActive" value="${datasource.AUPGMSV5R.poolMaxSize}"/>
    </bean>
    <service interface="javax.sql.DataSource" ref="AUPGMSV5R-DS">
        <service-properties>
            <entry key="osgi.jndi.service.name" value="${datasource.AUPGMSV5R.jndiName}"/>
            <entry key="datasource.name" value="dataSourceAUPGMSV5R"/>
            <entry key="name" value="dataSourceAUPGMSV5R"/>
        </service-properties>
    </service>
</blueprint>
